date,open,close,high,low,turnover_rate_pct
2024-11-15,22.10,21.80,22.30,21.80,0.80
2024-11-18,21.80,21.75,22.28,21.68,1.12
2024-11-19,21.93,22.00,22.11,21.59,0.73
2024-11-20,22.00,22.03,22.10,21.80,0.71
2024-11-21,22.00,22.04,22.14,21.85,0.61
2024-11-22,22.04,21.22,22.14,21.22,1.04
2024-11-25,21.25,21.15,21.56,20.96,0.61
2024-11-26,21.05,21.02,21.24,21.00,0.41
2024-11-27,21.02,21.20,21.20,20.67,0.59
2024-11-28,21.20,20.86,21.20,20.85,0.57
2024-11-29,20.85,21.05,21.15,20.80,0.66
2024-12-02,21.07,21.34,21.39,21.03,0.71
2024-12-03,21.34,21.40,21.43,21.17,0.58
2024-12-04,21.50,21.39,21.53,21.29,0.63
2024-12-05,21.30,21.17,21.31,21.09,0.58
2024-12-06,21.18,21.44,21.47,21.14,0.62
2024-12-09,21.37,21.35,21.63,21.25,0.76
2024-12-10,21.98,21.43,22.03,21.39,1.21
2024-12-11,21.40,21.74,21.97,21.38,1.11
2024-12-12,21.75,21.92,21.93,21.65,0.73
2024-12-13,21.75,21.26,21.78,21.24,1.07
2024-12-16,21.28,20.97,21.32,20.93,0.67
2024-12-17,20.92,21.00,21.21,20.92,0.53
2024-12-18,21.03,20.88,21.15,20.85,0.54
2024-12-19,20.71,20.86,20.88,20.53,0.47
2024-12-20,20.85,20.58,20.93,20.53,0.80
2024-12-23,20.64,20.79,20.95,20.60,0.69
2024-12-24,20.65,20.96,20.97,20.63,0.50
2024-12-25,20.97,20.98,21.05,20.83,0.45
2024-12-26,21.01,20.96,21.10,20.91,0.41
2024-12-27,20.97,20.95,21.12,20.87,0.55
2024-12-30,20.91,21.14,21.19,20.90,0.64
2024-12-31,21.08,20.64,21.15,20.51,0.65
2025-01-02,20.61,20.24,20.75,20.10,0.71
2025-01-03,20.24,20.45,20.99,20.23,1.15
2025-01-06,20.55,20.70,21.00,20.36,0.83
2025-01-07,20.80,20.90,21.04,20.50,0.66
2025-01-08,20.80,20.50,20.85,20.22,0.76
2025-01-09,20.45,20.61,20.72,20.36,0.45
2025-01-10,20.66,20.47,20.88,20.37,0.63
2025-01-13,20.35,20.86,20.97,20.27,0.86
2025-01-14,20.76,21.08,21.11,20.65,1.21
2025-01-15,20.98,20.85,21.03,20.77,0.75
2025-01-16,21.05,21.46,21.48,21.01,1.56
2025-01-17,21.35,21.35,21.43,21.18,0.86
2025-01-20,21.34,21.00,21.34,20.96,1.04
2025-01-21,21.09,20.99,21.18,20.77,0.59
2025-01-22,21.04,20.90,21.04,20.76,0.43
2025-01-23,21.00,20.75,21.18,20.73,0.72
2025-01-24,20.76,21.12,21.12,20.73,0.82
2025-01-27,21.14,21.10,21.36,21.08,0.73
2025-02-05,21.12,21.01,21.18,20.86,0.69
2025-02-06,21.14,21.30,21.30,20.99,0.85
2025-02-07,21.26,21.68,21.77,21.18,1.53
2025-02-10,21.80,21.77,22.04,21.65,1.07
2025-02-11,21.81,21.97,22.30,21.80,1.74
2025-02-12,21.99,21.63,21.99,21.45,1.37
2025-02-13,21.71,21.59,21.84,21.55,0.72
2025-02-14,21.65,21.75,21.87,21.55,0.84
2025-02-17,21.54,21.30,21.54,21.22,1.01
2025-02-18,21.30,21.03,21.35,20.98,0.70
2025-02-19,21.11,21.10,21.14,20.94,0.68
2025-02-20,21.04,21.07,21.09,20.86,0.58
2025-02-21,21.09,21.00,21.24,20.93,0.80
2025-02-24,20.93,20.98,21.07,20.80,0.64
2025-02-25,20.87,20.72,20.95,20.71,0.62
2025-02-26,20.88,21.23,21.40,20.87,1.33
2025-02-27,21.23,21.03,21.28,20.81,0.90
2025-02-28,20.92,20.72,21.01,20.72,0.70
2025-03-03,20.78,20.90,21.12,20.77,0.77
2025-03-04,20.86,20.93,20.98,20.72,0.47
2025-03-05,20.88,21.07,21.08,20.75,0.61
2025-03-06,21.37,21.40,21.57,21.29,1.71
2025-03-07,21.45,21.71,21.95,21.44,1.84
2025-03-10,21.75,21.88,21.98,21.60,1.27
2025-03-11,21.62,21.80,21.80,21.48,0.87
2025-03-12,22.01,21.93,22.08,21.77,1.07
2025-03-13,22.00,22.00,22.24,21.83,1.23
2025-03-14,22.38,22.28,22.54,22.11,2.06
2025-03-17,22.30,22.06,22.48,22.02,1.27
2025-03-18,22.16,22.34,22.65,22.09,1.61
2025-03-19,22.35,22.29,22.48,22.13,0.88
2025-03-20,22.59,22.42,22.79,22.34,1.55
2025-03-21,22.30,22.02,22.58,21.95,1.47
2025-03-24,22.13,23.32,23.59,22.03,3.65
2025-03-25,23.49,24.01,24.37,23.32,4.25
2025-03-26,24.45,24.10,25.33,24.03,5.32
2025-03-27,23.30,23.37,23.84,23.23,2.63
2025-03-28,23.45,23.48,23.77,23.22,2.09
2025-03-31,23.20,23.04,23.47,22.81,1.80
2025-04-01,23.16,23.21,23.34,22.94,1.29
2025-04-02,23.00,22.86,23.19,22.78,1.06
2025-04-03,22.51,22.34,22.67,22.30,1.39
2025-04-07,20.11,20.11,20.49,20.11,2.02
2025-04-08,20.02,19.80,20.02,19.31,2.23
2025-04-09,19.42,20.04,20.04,19.01,1.74
2025-04-10,20.49,20.74,20.82,20.20,2.00
2025-04-11,20.70,20.71,20.83,20.53,1.29
2025-04-14,20.99,21.28,21.63,20.95,1.73
2025-04-15,21.33,21.11,21.33,20.91,0.87
2025-04-16,21.34,20.93,21.36,20.62,1.04
2025-04-17,21.26,21.03,21.27,20.92,1.10
2025-04-18,20.96,21.10,21.13,20.90,0.58
2025-04-21,21.10,21.86,21.88,21.04,1.54
2025-04-22,21.87,22.20,22.39,21.71,1.56
2025-04-23,22.20,21.87,22.26,21.81,1.07
2025-04-24,21.81,21.64,21.96,21.51,0.70
2025-04-25,21.80,21.60,21.89,21.55,0.72
2025-04-28,21.52,21.53,21.61,21.30,0.55
2025-04-29,21.59,21.42,21.62,21.40,0.53
2025-04-30,21.42,21.28,21.54,21.26,0.65
2025-05-06,21.40,21.79,21.79,21.38,0.77
2025-05-07,22.02,21.80,22.05,21.61,0.70
2025-05-08,21.60,21.68,21.78,21.50,0.56
2025-05-09,21.68,21.53,21.70,21.45,0.46
2025-05-12,21.62,21.92,21.93,21.62,0.74
2025-05-13,21.98,21.88,22.02,21.77,0.53
2025-05-14,21.97,22.17,22.18,21.89,0.89
2025-05-15,22.02,21.79,22.04,21.76,0.61
2025-05-16,21.80,21.72,21.93,21.58,0.61
2025-05-19,21.62,21.60,21.66,21.53,0.43
2025-05-20,21.61,21.60,21.69,21.57,0.39
2025-05-21,21.68,21.97,21.98,21.63,0.79
2025-05-22,21.85,21.72,21.89,21.70,0.47
2025-05-23,21.71,21.66,21.95,21.66,0.56
2025-05-26,21.83,21.84,22.00,21.71,0.72
2025-05-27,21.80,21.28,21.84,21.23,0.84
2025-05-28,21.30,21.34,21.46,21.30,0.32
2025-05-29,21.30,21.44,21.48,21.18,0.44
2025-05-30,21.36,21.25,21.40,21.18,0.40
2025-06-03,21.32,21.45,21.60,21.32,0.59
2025-06-04,21.47,22.05,22.13,21.47,1.41
2025-06-05,22.05,21.86,22.15,21.82,0.67
2025-06-06,22.04,22.27,22.34,22.04,1.06
2025-06-09,22.20,22.14,22.23,21.97,0.79
2025-06-10,22.25,22.08,22.29,21.95,0.71
2025-06-11,22.08,22.30,22.44,22.08,0.77
2025-06-12,22.30,22.45,22.48,22.10,0.62
2025-06-13,22.36,22.32,22.62,22.25,0.85
2025-06-16,22.32,22.23,22.47,22.17,0.67
2025-06-17,22.21,22.19,22.34,22.15,0.41
2025-06-18,22.21,22.13,22.24,21.90,0.51
2025-06-19,22.03,21.63,22.12,21.55,0.64
2025-06-20,21.63,21.59,21.74,21.54,0.44
2025-06-23,21.55,21.65,21.72,21.53,0.39
2025-06-24,21.75,21.92,22.04,21.66,0.68
2025-06-25,21.98,22.13,22.13,21.89,0.67
2025-06-26,22.17,22.21,22.39,22.13,0.86
2025-06-27,22.63,23.57,23.75,22.61,2.96
2025-06-30,24.00,23.43,24.04,23.09,2.09
2025-07-01,23.31,23.79,23.79,22.95,1.92
2025-07-02,23.52,23.79,24.36,23.46,2.98
2025-07-03,23.89,23.83,24.09,23.63,1.75
2025-07-04,23.66,23.48,23.66,23.31,1.51
2025-07-07,23.35,23.27,23.50,23.23,0.89
2025-07-08,23.32,23.41,23.56,23.32,0.87
2025-07-09,23.83,22.91,23.86,22.86,2.52
2025-07-10,22.90,23.06,23.14,22.85,1.23
2025-07-11,23.10,23.48,23.93,23.05,2.59
2025-07-14,23.60,23.60,23.93,23.57,1.61
2025-07-15,23.46,23.41,23.76,23.30,1.12
2025-07-16,23.41,23.21,23.49,23.10,0.77
2025-07-17,23.20,23.17,23.27,23.07,0.84
2025-07-18,23.24,23.57,23.63,23.24,1.31
2025-07-21,23.70,24.40,24.47,23.68,2.53
2025-07-22,23.73,24.09,24.10,23.50,2.52
2025-07-23,24.09,23.84,24.11,23.73,1.84
2025-07-24,23.88,24.38,24.49,23.79,2.11
2025-07-25,24.22,23.96,24.36,23.92,1.41
2025-07-28,23.74,23.89,23.91,23.51,1.19
2025-07-29,23.75,23.65,23.87,23.49,1.10
2025-07-30,23.66,23.45,23.85,23.28,1.12
2025-07-31,23.00,22.48,23.00,22.40,2.34
2025-08-01,22.45,22.56,22.71,22.35,1.02
2025-08-04,22.49,22.71,22.72,22.44,0.96
2025-08-05,22.78,22.93,23.02,22.69,1.06
2025-08-06,22.80,23.52,23.73,22.76,2.08
2025-08-07,23.52,23.46,23.65,23.14,1.30
2025-08-08,23.44,23.83,23.96,23.34,1.65
2025-08-11,23.98,24.02,24.23,23.72,1.53
2025-08-12,24.01,24.03,24.10,23.82,1.04
2025-08-13,24.28,24.91,25.26,24.25,2.64
2025-08-14,24.89,24.72,25.35,24.71,1.95
2025-08-15,24.67,25.34,25.67,24.67,2.05
2025-08-18,25.37,24.88,25.37,24.74,2.32
2025-08-19,24.82,24.51,24.95,24.39,1.67
2025-08-20,24.49,24.82,24.93,24.45,1.29
2025-08-21,24.85,24.64,25.08,24.56,1.08
2025-08-22,24.60,24.72,24.76,24.41,1.18
2025-08-25,25.16,26.97,27.19,25.16,4.51
2025-08-26,26.90,26.83,27.11,26.63,2.52
2025-08-27,26.81,26.09,26.92,26.08,2.13
2025-08-28,25.71,26.08,26.22,25.40,1.99
2025-08-29,26.49,27.90,28.41,26.44,3.91
2025-09-01,28.45,28.96,29.17,27.59,4.71
2025-09-02,29.18,29.00,29.94,28.58,4.27
2025-09-03,29.90,29.70,30.80,29.28,4.75
2025-09-04,29.72,28.61,30.66,28.10,3.96
2025-09-05,28.45,29.39,29.46,28.45,2.98
2025-09-08,29.69,28.53,29.70,28.36,2.72
2025-09-09,28.40,28.66,29.30,28.39,2.81
2025-09-10,28.00,28.60,28.77,27.77,2.17
2025-09-11,28.70,29.00,29.13,28.53,2.19
2025-09-12,29.48,30.97,31.65,29.48,4.38
2025-09-15,30.55,30.28,30.97,30.17,2.84
2025-09-16,30.90,30.06,31.16,29.15,3.27
2025-09-17,29.73,31.06,31.41,29.43,3.50
2025-09-18,30.05,29.07,30.05,28.72,3.82
2025-09-19,28.68,29.00,29.35,28.50,1.90
