datetime,open,close,high,low,volume,amount,date,time_str,slot_idx
2026-08-13 09:45:00,152.8,152.29,152.97,151.2,19738.97,299997789.2116,2026-08-13,09:45,0
2026-08-13 10:00:00,152.4,153.37,153.95,151.9,9791.0,149782728.8252,2026-08-13,10:00,1
2026-08-13 10:15:00,153.39,152.59,153.78,152.53,4069.0,62301913.8721,2026-08-13,10:15,2
2026-08-13 10:30:00,152.55,152.9,153.29,152.39,3244.77,49576700.8271,2026-08-13,10:30,3
2026-08-13 10:45:00,152.93,154.68,154.73,152.88,7402.0,114037078.6689,2026-08-13,10:45,4
2026-08-13 11:00:00,154.68,154.26,155.09,154.22,5557.0,85938803.0977,2026-08-13,11:00,5
2026-08-13 11:15:00,154.26,154.37,154.63,153.84,2684.0,41400823.2871,2026-08-13,11:15,6
2026-08-13 11:30:00,154.49,154.66,154.9,154.39,3583.0,55435944.1855,2026-08-13,11:30,7
2026-08-13 13:15:00,154.8,155.12,155.6,154.56,5926.0,91924127.2317,2026-08-13,13:15,8
2026-08-13 13:30:00,155.1,154.93,155.74,154.71,4429.06,68768776.3594,2026-08-13,13:30,9
2026-08-13 13:45:00,154.9,155.07,155.12,154.51,3568.27,55226530.3286,2026-08-13,13:45,10
2026-08-13 14:00:00,155.01,154.84,155.27,154.8,3449.49,53488633.2373,2026-08-13,14:00,11
2026-08-13 14:15:00,154.86,154.75,155.01,154.59,3519.0,54462026.207,2026-08-13,14:15,12
2026-08-13 14:30:00,154.75,154.47,154.98,154.3,3674.0,56832382.9736,2026-08-13,14:30,13
2026-08-13 14:45:00,154.45,153.4,154.5,153.05,5683.0,87323549.9248,2026-08-13,14:45,14
2026-08-13 15:00:00,153.39,153.39,153.43,153.0,5390.93,82584806.0973,2026-08-13,15:00,15
2026-08-14 09:45:00,153.45,153.5,153.96,152.15,10181.99,155720998.0781,2026-08-14,09:45,0
2026-08-14 10:00:00,153.49,153.6,154.47,153.06,6960.0,107126117.1446,2026-08-14,10:00,1
2026-08-14 10:15:00,153.67,152.98,153.79,152.95,4559.0,69936776.0586,2026-08-14,10:15,2
2026-08-14 10:30:00,152.96,152.4,153.59,152.39,3029.53,46276989.5142,2026-08-14,10:30,3
2026-08-14 10:45:00,152.38,152.11,152.45,151.65,6072.0,92319385.2109,2026-08-14,10:45,4
2026-08-14 11:00:00,152.15,151.22,152.2,151.0,4755.0,72057708.7432,2026-08-14,11:00,5
2026-08-14 11:15:00,151.23,151.28,151.5,151.02,2523.0,38165861.1904,2026-08-14,11:15,6
2026-08-14 11:30:00,151.28,151.26,151.44,151.0,2903.0,43866272.8604,2026-08-14,11:30,7
2026-08-14 13:15:00,151.27,150.77,151.39,150.57,3312.0,49975637.9629,2026-08-14,13:15,8
2026-08-14 13:30:00,150.77,150.7,150.83,150.52,2264.98,34129455.5744,2026-08-14,13:30,9
2026-08-14 13:45:00,150.68,150.28,150.71,150.28,4097.0,61643890.0898,2026-08-14,13:45,10
2026-08-14 14:00:00,150.27,150.58,150.62,150.13,2523.0,37930420.1445,2026-08-14,14:00,11
2026-08-14 14:15:00,150.56,150.61,150.65,150.39,2259.03,33993945.4026,2026-08-14,14:15,12
2026-08-14 14:30:00,150.61,150.47,150.67,150.38,2471.97,37205013.9271,2026-08-14,14:30,13
2026-08-14 14:45:00,150.47,150.38,150.57,150.31,2888.6,43448462.1495,2026-08-14,14:45,14
2026-08-14 15:00:00,150.36,150.47,150.62,150.3,4478.09,67361614.2771,2026-08-14,15:00,15
2026-08-17 09:45:00,149.96,148.21,150.02,147.39,21240.57,314774879.4687,2026-08-17,09:45,0
2026-08-17 10:00:00,148.28,149.52,149.8,147.5,8953.0,132836275.2281,2026-08-17,10:00,1
2026-08-17 10:15:00,149.51,149.64,150.1,149.16,5587.0,83609898.0508,2026-08-17,10:15,2
2026-08-17 10:30:00,149.56,149.35,149.86,148.89,2722.0,40644995.999,2026-08-17,10:30,3
2026-08-17 10:45:00,149.34,149.14,149.48,148.84,2432.04,36273605.2813,2026-08-17,10:45,4
2026-08-17 11:00:00,149.15,149.12,149.36,149.03,2049.0,30571805.0811,2026-08-17,11:00,5
2026-08-17 11:15:00,149.12,149.97,149.97,149.11,2937.0,43911105.6689,2026-08-17,11:15,6
2026-08-17 11:30:00,149.97,149.28,150.28,149.21,2347.0,35169847.1572,2026-08-17,11:30,7
2026-08-17 13:15:00,149.27,149.76,150.13,149.22,3345.0,50062272.7832,2026-08-17,13:15,8
2026-08-17 13:30:00,149.73,149.76,149.9,149.52,2040.29,30546522.7373,2026-08-17,13:30,9
2026-08-17 13:45:00,149.76,149.54,149.87,149.38,2321.0,34721425.0234,2026-08-17,13:45,10
2026-08-17 14:00:00,149.54,149.74,149.87,149.52,1855.0,27760331.9756,2026-08-17,14:00,11
2026-08-17 14:15:00,149.74,149.79,149.95,149.64,1785.0,26744138.9297,2026-08-17,14:15,12
2026-08-17 14:30:00,149.78,149.7,149.92,149.63,2990.0,44769080.0078,2026-08-17,14:30,13
2026-08-17 14:45:00,149.7,149.65,149.78,149.56,2827.0,42301405.3662,2026-08-17,14:45,14
2026-08-17 15:00:00,149.64,149.71,149.74,149.55,4354.74,65164077.5713,2026-08-17,15:00,15
2026-08-18 09:45:00,149.12,148.91,150.26,148.33,8783.12,130820961.8446,2026-08-18,09:45,0
2026-08-18 10:00:00,148.92,148.85,149.38,148.62,4918.0,73266065.2412,2026-08-18,10:00,1
2026-08-18 10:15:00,148.84,149.21,149.52,148.32,4817.0,71681385.8887,2026-08-18,10:15,2
2026-08-18 10:30:00,149.22,150.04,150.79,149.02,8371.39,125806546.459,2026-08-18,10:30,3
2026-08-18 10:45:00,150.04,149.67,150.2,149.5,3805.0,56981668.7852,2026-08-18,10:45,4
2026-08-18 11:00:00,149.69,149.24,149.69,149.1,2816.91,42069636.8591,2026-08-18,11:00,5
2026-08-18 11:15:00,149.37,149.83,149.88,149.13,2655.8,39707680.8809,2026-08-18,11:15,6
2026-08-18 11:30:00,149.82,149.59,150.17,149.41,2155.0,32284033.0234,2026-08-18,11:30,7
2026-08-18 13:15:00,149.66,149.87,150.19,149.44,2601.62,38984273.5698,2026-08-18,13:15,8
2026-08-18 13:30:00,149.88,149.9,149.99,149.51,2090.29,31303407.0059,2026-08-18,13:30,9
2026-08-18 13:45:00,149.96,149.85,150.15,149.62,2111.0,31654743.0342,2026-08-18,13:45,10
2026-08-18 14:00:00,149.8,150.23,150.4,149.69,3658.0,54871386.9473,2026-08-18,14:00,11
2026-08-18 14:15:00,150.23,150.13,150.4,149.9,1817.0,27269573.1143,2026-08-18,14:15,12
2026-08-18 14:30:00,150.15,150.34,150.56,150.05,2508.0,37704415.9414,2026-08-18,14:30,13
2026-08-18 14:45:00,150.33,150.38,150.51,150.21,2378.69,35773088.3062,2026-08-18,14:45,14
2026-08-18 15:00:00,150.38,150.55,150.59,150.23,3870.0,58226221.4082,2026-08-18,15:00,15
2026-08-19 09:45:00,151.2,149.74,151.42,149.28,9030.55,135483572.6122,2026-08-19,09:45,0
2026-08-19 10:00:00,149.8,149.9,150.12,149.1,3983.0,59582610.9395,2026-08-19,10:00,1
2026-08-19 10:15:00,150.0,149.56,150.02,149.35,3257.0,48774687.9609,2026-08-19,10:15,2
2026-08-19 10:30:00,149.55,149.48,149.56,149.12,2557.0,38175516.9766,2026-08-19,10:30,3
2026-08-19 10:45:00,149.48,149.4,149.73,149.28,2406.96,35980184.0391,2026-08-19,10:45,4
2026-08-19 11:00:00,149.4,149.45,149.71,149.08,2484.0,37097274.0742,2026-08-19,11:00,5
2026-08-19 11:15:00,149.45,151.19,151.3,149.31,5245.05,78965797.351,2026-08-19,11:15,6
2026-08-19 11:30:00,151.15,150.77,151.65,150.63,6670.0,100860154.7513,2026-08-19,11:30,7
2026-08-19 13:15:00,150.77,150.54,151.07,150.5,3381.97,50995635.9584,2026-08-19,13:15,8
2026-08-19 13:30:00,150.58,150.95,151.11,150.53,4118.64,62116994.2026,2026-08-19,13:30,9
2026-08-19 13:45:00,150.94,150.58,150.96,150.4,2409.1,36302961.8145,2026-08-19,13:45,10
2026-08-19 14:00:00,150.58,150.7,150.92,150.0,4045.99,60916491.9679,2026-08-19,14:00,11
2026-08-19 14:15:00,150.72,150.8,150.86,150.2,3011.58,45340189.3682,2026-08-19,14:15,12
2026-08-19 14:30:00,150.73,150.74,150.79,150.46,3317.52,49965540.4053,2026-08-19,14:30,13
2026-08-19 14:45:00,150.74,150.56,150.75,150.3,5149.73,77505471.1611,2026-08-19,14:45,14
2026-08-19 15:00:00,150.56,150.63,151.15,150.35,5741.08,86607553.4337,2026-08-19,15:00,15
2026-08-20 09:45:00,152.0,157.11,157.47,151.28,47229.9,736989724.5895,2026-08-20,09:45,0
2026-08-20 10:00:00,157.03,157.63,158.16,157.01,21560.99,339749188.5857,2026-08-20,10:00,1
2026-08-20 10:15:00,157.64,156.51,157.83,156.49,7496.6,117853461.3983,2026-08-20,10:15,2
2026-08-20 10:30:00,156.52,156.53,156.59,155.61,6938.0,108309208.168,2026-08-20,10:30,3
2026-08-20 10:45:00,156.46,156.58,157.34,156.16,4508.0,70657363.0332,2026-08-20,10:45,4
2026-08-20 11:00:00,156.58,158.18,158.3,156.28,12304.5,194019359.4063,2026-08-20,11:00,5
2026-08-20 11:15:00,158.07,157.96,158.69,157.65,9745.0,154284733.502,2026-08-20,11:15,6
2026-08-20 11:30:00,157.9,158.24,158.5,157.69,4566.0,72168534.2168,2026-08-20,11:30,7
2026-08-20 13:15:00,158.25,158.34,159.69,158.0,17194.16,273388045.3594,2026-08-20,13:15,8
2026-08-20 13:30:00,158.34,158.24,158.63,157.9,3917.47,62014422.6477,2026-08-20,13:30,9
2026-08-20 13:45:00,158.26,157.99,158.28,157.85,3113.0,49203494.8662,2026-08-20,13:45,10
2026-08-20 14:00:00,157.98,157.67,157.98,157.58,3358.0,52978588.0254,2026-08-20,14:00,11
2026-08-20 14:15:00,157.68,158.12,158.18,157.55,3010.0,47495457.0078,2026-08-20,14:15,12
2026-08-20 14:30:00,158.12,158.36,158.45,158.09,4992.87,79043451.3135,2026-08-20,14:30,13
2026-08-20 14:45:00,158.36,158.09,158.49,158.0,6187.0,97966950.1055,2026-08-20,14:45,14
2026-08-20 15:00:00,158.14,158.07,158.29,158.0,7113.41,112513113.5991,2026-08-20,15:00,15
2026-08-21 09:45:00,158.0,156.26,159.0,155.91,19669.09,309123948.8835,2026-08-21,09:45,0
2026-08-21 10:00:00,156.26,155.95,156.87,155.51,10528.32,164354047.9956,2026-08-21,10:00,1
2026-08-21 10:15:00,155.95,155.6,156.08,155.13,7536.0,117181879.9805,2026-08-21,10:15,2
2026-08-21 10:30:00,155.75,156.25,156.45,155.52,4377.0,68307337.0674,2026-08-21,10:30,3
2026-08-21 10:45:00,156.25,155.47,156.47,155.42,3137.0,48868129.8428,2026-08-21,10:45,4
2026-08-21 11:00:00,155.43,155.38,155.69,155.18,2656.0,41263257.1025,2026-08-21,11:00,5
2026-08-21 11:15:00,155.43,155.19,155.6,155.17,2000.0,31065697.8623,2026-08-21,11:15,6
2026-08-21 11:30:00,155.18,155.19,155.4,155.13,1658.0,25736707.8662,2026-08-21,11:30,7
2026-08-21 13:15:00,155.22,154.51,155.22,154.5,5371.0,83135842.1152,2026-08-21,13:15,8
2026-08-21 13:30:00,154.51,154.34,154.6,154.3,2888.0,44597786.1934,2026-08-21,13:30,9
2026-08-21 13:45:00,154.33,154.65,154.8,153.89,4835.0,74557233.0371,2026-08-21,13:45,10
2026-08-21 14:00:00,154.65,154.52,154.67,154.38,1761.0,27213675.0566,2026-08-21,14:00,11
2026-08-21 14:15:00,154.45,154.34,154.53,154.27,1842.0,28442062.0244,2026-08-21,14:15,12
2026-08-21 14:30:00,154.33,154.59,154.64,154.24,2362.0,36483707.9492,2026-08-21,14:30,13
2026-08-21 14:45:00,154.6,154.61,154.75,154.48,4047.69,62572175.2949,2026-08-21,14:45,14
2026-08-21 15:00:00,154.59,154.45,154.61,154.39,5042.93,77894145.1138,2026-08-21,15:00,15
2026-08-24 09:45:00,154.0,156.32,157.0,153.01,14570.29,226301387.4241,2026-08-24,09:45,0
2026-08-24 10:00:00,156.28,156.14,156.35,154.8,9073.0,140999478.8535,2026-08-24,10:00,1
2026-08-24 10:15:00,156.08,157.15,157.22,155.36,8760.91,136978588.522,2026-08-24,10:15,2
2026-08-24 10:30:00,157.13,157.3,157.38,156.41,6437.11,100962060.0076,2026-08-24,10:30,3
2026-08-24 10:45:00,157.29,158.2,158.62,156.82,12529.83,198053617.1699,2026-08-24,10:45,4
2026-08-24 11:00:00,158.24,157.9,158.29,157.68,6919.62,109308469.6803,2026-08-24,11:00,5
2026-08-24 11:15:00,157.9,158.0,158.23,157.68,6577.04,103911553.3741,2026-08-24,11:15,6
2026-08-24 11:30:00,157.98,158.49,158.49,157.53,8239.47,130226024.8041,2026-08-24,11:30,7
2026-08-24 13:15:00,158.48,158.34,158.49,158.02,5071.99,80277025.6778,2026-08-24,13:15,8
2026-08-24 13:30:00,158.34,158.4,158.8,158.32,8099.51,128420324.478,2026-08-24,13:30,9
2026-08-24 13:45:00,158.36,157.88,158.52,157.82,3914.0,61876266.0391,2026-08-24,13:45,10
2026-08-24 14:00:00,157.91,158.58,158.76,157.83,5403.0,85507912.1138,2026-08-24,14:00,11
2026-08-24 14:15:00,158.57,158.6,158.97,158.0,6584.46,104498224.1428,2026-08-24,14:15,12
2026-08-24 14:30:00,158.61,158.58,158.9,158.53,5396.0,85656550.9961,2026-08-24,14:30,13
2026-08-24 14:45:00,158.58,158.53,158.61,158.38,3902.0,61852077.5478,2026-08-24,14:45,14
2026-08-24 15:00:00,158.53,158.68,158.68,158.5,7516.95,119220141.2788,2026-08-24,15:00,15
2026-08-25 09:45:00,158.47,159.1,159.8,158.03,14863.09,235929883.5553,2026-08-25,09:45,0
2026-08-25 10:00:00,159.1,160.97,161.5,159.05,24306.89,390821487.1108,2026-08-25,10:00,1
2026-08-25 10:15:00,160.97,160.43,161.5,160.3,8903.12,143159528.374,2026-08-25,10:15,2
2026-08-25 10:30:00,160.48,160.9,160.95,160.22,4720.55,75780368.8604,2026-08-25,10:30,3
2026-08-25 10:45:00,160.87,160.8,161.99,160.46,9764.38,157639224.8389,2026-08-25,10:45,4
2026-08-25 11:00:00,160.8,160.68,160.95,160.5,4456.0,71595799.7207,2026-08-25,11:00,5
2026-08-25 11:15:00,160.7,161.07,161.29,160.52,2719.0,43749336.0273,2026-08-25,11:15,6
2026-08-25 11:30:00,161.07,161.65,161.9,161.0,6402.0,103445163.5864,2026-08-25,11:30,7
2026-08-25 13:15:00,161.66,161.02,161.72,160.78,3585.0,57785819.2043,2026-08-25,13:15,8
2026-08-25 13:30:00,161.03,161.38,161.58,160.98,3187.96,51429771.6172,2026-08-25,13:30,9
2026-08-25 13:45:00,161.39,161.7,161.7,161.25,4211.01,68021659.3019,2026-08-25,13:45,10
2026-08-25 14:00:00,161.66,161.82,161.98,161.63,4653.32,75320771.8633,2026-08-25,14:00,11
2026-08-25 14:15:00,161.82,161.56,161.94,161.5,3869.0,62565174.1709,2026-08-25,14:15,12
2026-08-25 14:30:00,161.59,161.54,161.7,161.15,3993.03,64455517.1416,2026-08-25,14:30,13
2026-08-25 14:45:00,161.54,161.8,161.88,161.49,5655.0,91437931.7148,2026-08-25,14:45,14
2026-08-25 15:00:00,161.8,162.12,162.66,161.8,14256.07,231165852.3963,2026-08-25,15:00,15
2026-08-26 09:45:00,161.5,162.73,163.62,161.05,18693.3,303455947.2958,2026-08-26,09:45,0
2026-08-26 10:00:00,162.73,163.2,163.75,162.2,11179.0,182206133.1953,2026-08-26,10:00,1
2026-08-26 10:15:00,163.19,162.24,163.42,162.06,5247.17,85434190.9004,2026-08-26,10:15,2
2026-08-26 10:30:00,162.31,162.4,162.5,161.98,6233.43,101084341.9604,2026-08-26,10:30,3
2026-08-26 10:45:00,162.36,161.79,162.4,161.6,4997.2,80879433.8521,2026-08-26,10:45,4
2026-08-26 11:00:00,161.79,161.6,162.0,161.1,5219.0,84251275.734,2026-08-26,11:00,5
2026-08-26 11:15:00,161.61,161.72,162.1,161.44,2445.0,39563513.9697,2026-08-26,11:15,6
2026-08-26 11:30:00,161.68,161.83,162.0,161.59,2550.0,41254921.1055,2026-08-26,11:30,7
2026-08-26 13:15:00,161.84,161.34,161.92,161.32,2733.0,44157409.0186,2026-08-26,13:15,8
2026-08-26 13:30:00,161.34,161.5,161.5,161.21,2368.0,38195051.1143,2026-08-26,13:30,9
2026-08-26 13:45:00,161.5,161.53,161.69,161.47,1408.19,22748459.5605,2026-08-26,13:45,10
2026-08-26 14:00:00,161.51,161.25,161.52,161.25,1696.0,27368733.0264,2026-08-26,14:00,11
2026-08-26 14:15:00,161.25,160.83,161.46,160.72,4288.81,69066960.5195,2026-08-26,14:15,12
2026-08-26 14:30:00,160.83,160.85,161.08,160.72,2883.0,46396024.8542,2026-08-26,14:30,13
2026-08-26 14:45:00,160.87,160.9,160.99,160.84,3249.24,52278221.2266,2026-08-26,14:45,14
2026-08-26 15:00:00,160.9,161.05,161.39,160.8,6181.19,99557427.8613,2026-08-26,15:00,15
2026-08-27 09:45:00,160.3,161.35,162.26,160.11,9548.0,153986817.1133,2026-08-27,09:45,0
2026-08-27 10:00:00,161.35,160.91,161.55,160.7,4167.0,67108033.8984,2026-08-27,10:00,1
2026-08-27 10:15:00,160.94,160.73,161.0,160.45,3253.0,52279292.0586,2026-08-27,10:15,2
2026-08-27 10:30:00,160.74,160.69,161.06,160.55,3468.57,55754585.0537,2026-08-27,10:30,3
2026-08-27 10:45:00,160.7,160.79,160.98,160.25,4380.0,70366672.7559,2026-08-27,10:45,4
2026-08-27 11:00:00,160.8,160.94,161.11,160.62,2813.0,45272186.9199,2026-08-27,11:00,5
2026-08-27 11:15:00,160.94,161.15,161.25,160.76,2512.0,40462582.9648,2026-08-27,11:15,6
2026-08-27 11:30:00,161.14,160.83,161.2,160.83,1554.0,25025257.958,2026-08-27,11:30,7
2026-08-27 13:15:00,160.84,161.2,161.36,160.21,3385.0,54512371.7197,2026-08-27,13:15,8
2026-08-27 13:30:00,161.22,161.93,162.0,160.01,4211.0,68024407.1973,2026-08-27,13:30,9
2026-08-27 13:45:00,161.92,161.89,161.98,161.57,2226.0,36019166.8262,2026-08-27,13:45,10
2026-08-27 14:00:00,161.9,162.43,162.66,161.79,5433.0,88169570.2061,2026-08-27,14:00,11
2026-08-27 14:15:00,162.44,162.02,162.52,161.81,2664.0,43195423.8711,2026-08-27,14:15,12
2026-08-27 14:30:00,162.03,161.8,162.1,161.7,1631.0,26402983.0059,2026-08-27,14:30,13
2026-08-27 14:45:00,161.81,161.9,162.12,161.76,2603.89,42166478.0063,2026-08-27,14:45,14
2026-08-27 15:00:00,161.89,162.03,162.13,161.81,4575.12,74086588.7869,2026-08-27,15:00,15
2026-08-28 09:45:00,161.38,162.41,162.7,161.23,6910.0,111931484.3628,2026-08-28,09:45,0
2026-08-28 10:00:00,162.4,161.82,162.46,161.52,4000.0,64748399.0791,2026-08-28,10:00,1
2026-08-28 10:15:00,161.87,162.46,162.86,161.65,4428.64,71925552.7002,2026-08-28,10:15,2
2026-08-28 10:30:00,162.5,162.28,162.55,161.85,3057.0,49581277.8701,2026-08-28,10:30,3
2026-08-28 10:45:00,162.32,162.75,162.92,162.26,3797.0,61746549.9863,2026-08-28,10:45,4
2026-08-28 11:00:00,162.73,162.74,162.88,162.47,1988.0,32334561.0986,2026-08-28,11:00,5
2026-08-28 11:15:00,162.77,163.64,163.83,162.72,6565.11,107200489.7734,2026-08-28,11:15,6
2026-08-28 11:30:00,163.64,164.03,164.75,163.63,8568.3,140746806.6611,2026-08-28,11:30,7
2026-08-28 13:15:00,164.03,163.47,164.04,163.33,3216.0,52612261.8965,2026-08-28,13:15,8
2026-08-28 13:30:00,163.48,163.8,163.8,163.35,3272.0,53515506.0508,2026-08-28,13:30,9
2026-08-28 13:45:00,163.8,163.63,163.9,163.52,1874.0,30680904.9609,2026-08-28,13:45,10
2026-08-28 14:00:00,163.67,163.59,163.8,163.37,1996.0,32650419.9785,2026-08-28,14:00,11
2026-08-28 14:15:00,163.59,163.47,163.77,163.4,2086.0,34123997.0801,2026-08-28,14:15,12
2026-08-28 14:30:00,163.43,163.99,164.17,163.39,3259.74,53415932.4761,2026-08-28,14:30,13
2026-08-28 14:45:00,164.02,164.01,164.18,163.89,4121.0,67601070.918,2026-08-28,14:45,14
2026-08-28 15:00:00,164.02,164.3,164.3,163.8,8272.05,135721812.7328,2026-08-28,15:00,15
2026-08-31 09:45:00,168.0,168.39,169.9,165.51,59600.49,1006158191.1724,2026-08-31,09:45,0
2026-08-31 10:00:00,168.28,168.84,169.1,167.1,20754.06,348591365.6262,2026-08-31,10:00,1
2026-08-31 10:15:00,168.84,166.19,168.92,166.17,12168.0,203469696.5352,2026-08-31,10:15,2
2026-08-31 10:30:00,166.19,167.03,167.21,165.71,8577.0,142648476.082,2026-08-31,10:30,3
2026-08-31 10:45:00,167.03,168.35,168.48,166.79,9136.6,153254849.5896,2026-08-31,10:45,4
2026-08-31 11:00:00,168.4,168.09,168.89,167.5,7015.0,118121681.3381,2026-08-31,11:00,5
2026-08-31 11:15:00,168.01,167.76,168.29,167.11,4684.0,78644731.7644,2026-08-31,11:15,6
2026-08-31 11:30:00,167.75,167.71,168.18,167.67,4149.0,69655177.1567,2026-08-31,11:30,7
2026-08-31 13:15:00,167.71,167.66,168.2,167.25,7009.0,117509316.1172,2026-08-31,13:15,8
2026-08-31 13:30:00,167.65,167.1,167.8,167.0,5545.06,92820325.8524,2026-08-31,13:30,9
2026-08-31 13:45:00,167.06,167.02,167.43,166.36,4271.26,71296604.231,2026-08-31,13:45,10
2026-08-31 14:00:00,167.03,166.24,167.1,166.01,4594.0,76417699.0625,2026-08-31,14:00,11
2026-08-31 14:15:00,166.24,166.0,166.38,165.66,6074.0,100785434.9844,2026-08-31,14:15,12
2026-08-31 14:30:00,166.0,166.2,166.48,165.78,4680.73,77742120.6436,2026-08-31,14:30,13
2026-08-31 14:45:00,166.29,165.87,166.29,165.7,5468.87,90788472.7755,2026-08-31,14:45,14
2026-08-31 15:00:00,165.88,165.35,166.13,165.17,13652.86,226087000.5847,2026-08-31,15:00,15
2026-09-01 09:45:00,165.4,168.35,168.7,164.2,23671.27,395877503.2715,2026-09-01,09:45,0
2026-09-01 10:00:00,168.46,171.35,171.39,167.98,34472.94,584902658.9068,2026-09-01,10:00,1
2026-09-01 10:15:00,171.32,170.4,171.86,170.21,17684.76,302364158.4517,2026-09-01,10:15,2
2026-09-01 10:30:00,170.4,171.74,171.99,170.39,12423.0,212847011.3421,2026-09-01,10:30,3
2026-09-01 10:45:00,171.74,170.75,171.83,170.7,7193.0,123211344.9453,2026-09-01,10:45,4
2026-09-01 11:00:00,170.75,170.36,170.89,170.07,4773.0,81386017.8516,2026-09-01,11:00,5
2026-09-01 11:15:00,170.32,170.27,170.57,170.07,4232.0,72072034.9883,2026-09-01,11:15,6
2026-09-01 11:30:00,170.26,170.2,170.77,170.11,4065.0,69272917.8555,2026-09-01,11:30,7
2026-09-01 13:15:00,170.2,168.62,170.29,168.57,9000.74,152368554.2749,2026-09-01,13:15,8
2026-09-01 13:30:00,168.61,168.95,169.0,168.32,5230.0,88194596.9727,2026-09-01,13:30,9
2026-09-01 13:45:00,168.87,169.07,169.15,168.58,4306.0,72698429.1094,2026-09-01,13:45,10
2026-09-01 14:00:00,169.07,168.83,169.28,168.74,3934.0,66483014.1641,2026-09-01,14:00,11
2026-09-01 14:15:00,168.82,168.57,168.89,168.46,3228.0,54440108.9883,2026-09-01,14:15,12
2026-09-01 14:30:00,168.56,168.52,168.68,168.44,4398.0,74131657.1523,2026-09-01,14:30,13
2026-09-01 14:45:00,168.52,169.19,169.35,168.51,6188.0,104525092.125,2026-09-01,14:45,14
2026-09-01 15:00:00,169.19,169.08,169.26,169.05,7958.0,134616433.8036,2026-09-01,15:00,15
2026-09-02 09:45:00,168.36,167.0,168.99,166.3,16157.57,270335264.7485,2026-09-02,09:45,0
2026-09-02 10:00:00,166.99,167.67,168.11,166.92,7010.98,117450601.7823,2026-09-02,10:00,1
2026-09-02 10:15:00,167.66,168.63,168.66,167.07,6090.0,102178478.7967,2026-09-02,10:15,2
2026-09-02 10:30:00,168.64,168.94,169.3,168.03,7927.0,133829506.9258,2026-09-02,10:30,3
2026-09-02 10:45:00,168.94,168.48,169.54,168.43,4756.39,80397138.5645,2026-09-02,10:45,4
2026-09-02 11:00:00,168.59,168.33,168.93,168.33,3056.0,51531774.1777,2026-09-02,11:00,5
2026-09-02 11:15:00,168.34,168.18,168.58,168.13,2749.0,46271004.0039,2026-09-02,11:15,6
2026-09-02 11:30:00,168.17,168.32,168.32,167.86,3000.0,50412378.0039,2026-09-02,11:30,7
2026-09-02 13:15:00,168.3,168.61,169.23,167.83,6860.0,115776999.7529,2026-09-02,13:15,8
2026-09-02 13:30:00,168.62,168.41,168.67,167.99,2862.0,48168795.9727,2026-09-02,13:30,9
2026-09-02 13:45:00,168.41,168.03,168.41,167.81,2869.0,48233183.9648,2026-09-02,13:45,10
2026-09-02 14:00:00,168.03,167.91,168.38,167.88,3421.76,57510760.874,2026-09-02,14:00,11
2026-09-02 14:15:00,167.91,168.01,168.23,167.8,3396.0,57052860.9141,2026-09-02,14:15,12
2026-09-02 14:30:00,168.02,168.36,168.59,167.93,4997.59,84094822.1641,2026-09-02,14:30,13
2026-09-02 14:45:00,168.36,168.12,168.4,167.95,3605.69,60625002.2954,2026-09-02,14:45,14
2026-09-02 15:00:00,168.11,167.92,168.3,167.88,6167.0,103634078.7329,2026-09-02,15:00,15
2026-09-03 09:45:00,167.89,168.62,168.78,166.58,10512.27,176320674.7842,2026-09-03,09:45,0
2026-09-03 10:00:00,168.62,169.17,169.17,168.19,4524.76,76368159.8264,2026-09-03,10:00,1
2026-09-03 10:15:00,169.17,168.45,169.6,168.08,3481.0,58750044.2383,2026-09-03,10:15,2
2026-09-03 10:30:00,168.36,168.9,169.33,168.3,3578.0,60438975.0156,2026-09-03,10:30,3
2026-09-03 10:45:00,168.85,169.16,169.19,168.25,2852.0,48104580.2227,2026-09-03,10:45,4
2026-09-03 11:00:00,169.1,169.11,169.39,168.9,2914.0,49294369.9844,2026-09-03,11:00,5
2026-09-03 11:15:00,169.11,169.0,169.31,168.85,2562.0,43339779.9453,2026-09-03,11:15,6
2026-09-03 11:30:00,168.98,168.59,169.0,168.4,3200.0,53971867.0078,2026-09-03,11:30,7
2026-09-03 13:15:00,168.52,168.67,168.94,168.29,2358.0,39771451.9883,2026-09-03,13:15,8
2026-09-03 13:30:00,168.66,168.66,168.97,168.4,2770.0,46728698.9648,2026-09-03,13:30,9
2026-09-03 13:45:00,168.66,169.18,169.32,168.54,6276.58,106091754.6138,2026-09-03,13:45,10
2026-09-03 14:00:00,169.18,168.88,169.5,168.66,6301.0,106625136.0781,2026-09-03,14:00,11
2026-09-03 14:15:00,168.76,168.17,168.92,168.11,6049.0,101908382.5729,2026-09-03,14:15,12
2026-09-03 14:30:00,168.2,168.07,168.26,167.77,5377.0,90327136.6445,2026-09-03,14:30,13
2026-09-03 14:45:00,168.07,168.07,168.16,167.7,3983.0,66906406.957,2026-09-03,14:45,14
2026-09-03 15:00:00,168.05,167.67,168.05,167.52,4448.0,74608500.1035,2026-09-03,15:00,15
2026-09-04 09:45:00,167.01,168.14,168.32,166.13,14839.71,248568238.9531,2026-09-04,09:45,0
2026-09-04 10:00:00,168.13,169.36,169.38,167.6,10141.0,170953807.0391,2026-09-04,10:00,1
2026-09-04 10:15:00,169.32,170.21,170.5,169.15,9342.2,158734345.875,2026-09-04,10:15,2
2026-09-04 10:30:00,170.14,169.48,170.2,169.48,4418.0,75042448.0117,2026-09-04,10:30,3
2026-09-04 10:45:00,169.52,170.03,170.17,169.16,4640.0,78731353.9883,2026-09-04,10:45,4
2026-09-04 11:00:00,170.04,170.17,170.18,169.73,3084.0,52411104.9727,2026-09-04,11:00,5
2026-09-04 11:15:00,170.17,170.96,171.0,170.06,9029.0,154060221.1987,2026-09-04,11:15,6
2026-09-04 11:30:00,170.96,170.75,171.12,170.54,4841.17,82706221.7925,2026-09-04,11:30,7
2026-09-04 13:15:00,170.75,171.4,171.5,170.68,6793.23,116362459.5071,2026-09-04,13:15,8
2026-09-04 13:30:00,171.41,171.13,171.59,171.1,5959.0,102130632.9658,2026-09-04,13:30,9
2026-09-04 13:45:00,171.1,170.67,171.12,170.43,3559.81,60777724.9673,2026-09-04,13:45,10
2026-09-04 14:00:00,170.69,170.47,170.9,170.37,2927.0,49913182.9609,2026-09-04,14:00,11
2026-09-04 14:15:00,170.46,170.3,170.49,170.18,3207.0,54619590.0078,2026-09-04,14:15,12
2026-09-04 14:30:00,170.3,169.94,170.36,169.91,3859.0,65652534.0273,2026-09-04,14:30,13
2026-09-04 14:45:00,169.95,170.12,170.22,169.82,6293.56,106987266.6924,2026-09-04,14:45,14
2026-09-04 15:00:00,170.12,169.91,170.3,169.9,7615.68,129504287.4424,2026-09-04,15:00,15
2026-09-07 09:45:00,170.0,169.64,170.5,167.36,22255.91,375898937.0365,2026-09-07,09:45,0
2026-09-07 10:00:00,169.64,170.09,170.44,169.21,8062.0,136970553.9688,2026-09-07,10:00,1
2026-09-07 10:15:00,170.0,168.45,170.04,168.42,5481.0,92771606.9531,2026-09-07,10:15,2
2026-09-07 10:30:00,168.46,168.7,168.96,168.14,5050.0,85098724.8945,2026-09-07,10:30,3
2026-09-07 10:45:00,168.78,168.85,169.19,168.6,3869.0,65325215.168,2026-09-07,10:45,4
2026-09-07 11:00:00,168.9,168.3,168.95,168.19,4163.0,70221032.1445,2026-09-07,11:00,5
2026-09-07 11:15:00,168.29,168.9,169.12,168.2,2540.0,42830332.9648,2026-09-07,11:15,6
2026-09-07 11:30:00,168.91,168.45,169.3,168.45,2593.52,43791780.2168,2026-09-07,11:30,7
2026-09-07 13:15:00,168.47,168.97,169.25,168.36,4028.1,67996135.0894,2026-09-07,13:15,8
2026-09-07 13:30:00,169.03,168.98,169.2,168.7,2175.0,36751367.9805,2026-09-07,13:30,9
2026-09-07 13:45:00,168.98,169.59,169.79,168.96,3059.0,51856081.8652,2026-09-07,13:45,10
2026-09-07 14:00:00,169.57,169.6,169.68,169.36,1796.0,30439159.9688,2026-09-07,14:00,11
2026-09-07 14:15:00,169.6,169.98,169.99,169.6,2554.63,43387822.2524,2026-09-07,14:15,12
2026-09-07 14:30:00,169.98,169.84,169.99,169.67,2682.2,45553970.323,2026-09-07,14:30,13
2026-09-07 14:45:00,169.83,169.73,169.89,169.67,3468.59,58894524.832,2026-09-07,14:45,14
2026-09-07 15:00:00,169.72,169.2,169.78,169.12,5612.64,95134691.4971,2026-09-07,15:00,15
2026-09-08 09:45:00,168.0,167.33,168.98,166.39,10751.91,179933146.3894,2026-09-08,09:45,0
2026-09-08 10:00:00,167.4,168.12,168.3,167.03,5119.0,85832467.9727,2026-09-08,10:00,1
2026-09-08 10:15:00,168.12,166.73,168.12,166.52,4893.0,81823871.9985,2026-09-08,10:15,2
2026-09-08 10:30:00,166.73,166.94,167.27,166.37,5227.41,87122599.8774,2026-09-08,10:30,3
2026-09-08 10:45:00,166.98,166.94,167.37,166.6,3785.0,63191258.0156,2026-09-08,10:45,4
2026-09-08 11:00:00,166.94,166.88,167.0,166.68,1562.0,26061650.043,2026-09-08,11:00,5
2026-09-08 11:15:00,166.89,166.59,166.94,166.2,2740.2,45616800.249,2026-09-08,11:15,6
2026-09-08 11:30:00,166.56,167.22,167.39,166.56,1667.0,27833772.9883,2026-09-08,11:30,7
2026-09-08 13:15:00,167.3,168.57,168.65,166.88,7322.91,123130143.6042,2026-09-08,13:15,8
2026-09-08 13:30:00,168.57,169.26,169.72,168.56,5647.58,95522606.0801,2026-09-08,13:30,9
2026-09-08 13:45:00,169.33,169.64,169.77,169.26,4377.0,74192975.0234,2026-09-08,13:45,10
2026-09-08 14:00:00,169.65,169.94,170.23,169.61,3950.0,67117367.9414,2026-09-08,14:00,11
2026-09-08 14:15:00,169.95,169.89,170.0,169.74,2230.0,37885174.0039,2026-09-08,14:15,12
2026-09-08 14:30:00,169.89,169.94,169.98,169.61,2458.0,41742643.8232,2026-09-08,14:30,13
2026-09-08 14:45:00,169.94,170.36,170.6,169.9,5442.2,92647664.0508,2026-09-08,14:45,14
2026-09-08 15:00:00,170.35,169.95,170.67,169.95,5114.01,87125925.7854,2026-09-08,15:00,15
2026-09-09 09:45:00,169.35,165.67,169.47,165.53,19196.3,319707004.228,2026-09-09,09:45,0
2026-09-09 10:00:00,165.67,164.52,165.74,164.51,11072.32,182927391.0732,2026-09-09,10:00,1
2026-09-09 10:15:00,164.51,164.03,164.98,164.0,11879.54,195171004.9941,2026-09-09,10:15,2
2026-09-09 10:30:00,164.06,163.84,164.37,163.52,7615.0,124884141.4215,2026-09-09,10:30,3
2026-09-09 10:45:00,163.84,164.13,164.3,163.11,7893.0,129122292.0225,2026-09-09,10:45,4
2026-09-09 11:00:00,164.27,163.94,164.7,163.8,3186.0,52338024.0266,2026-09-09,11:00,5
2026-09-09 11:15:00,163.94,163.94,164.16,163.86,2663.0,43672184.0,2026-09-09,11:15,6
2026-09-09 11:30:00,163.94,163.8,164.0,163.78,2031.0,33281048.1729,2026-09-09,11:30,7
2026-09-09 13:15:00,163.8,164.73,164.88,163.73,8116.0,133284716.0146,2026-09-09,13:15,8
2026-09-09 13:30:00,164.72,165.5,165.55,164.63,5252.0,86681028.9453,2026-09-09,13:30,9
2026-09-09 13:45:00,165.5,165.85,165.93,165.06,6372.0,105454318.2461,2026-09-09,13:45,10
2026-09-09 14:00:00,165.85,165.9,166.1,165.78,5790.27,96084621.728,2026-09-09,14:00,11
2026-09-09 14:15:00,165.9,165.92,166.11,165.74,4364.0,72414598.0859,2026-09-09,14:15,12
2026-09-09 14:30:00,165.92,165.82,166.0,165.58,4014.0,66544681.8867,2026-09-09,14:30,13
2026-09-09 14:45:00,165.84,165.33,165.86,165.03,5547.0,91788812.9375,2026-09-09,14:45,14
2026-09-09 15:00:00,165.33,165.2,165.8,165.2,8146.14,134698949.8066,2026-09-09,15:00,15
2026-09-10 09:45:00,165.97,164.57,166.42,163.9,12119.27,199566909.248,2026-09-10,09:45,0
2026-09-10 10:00:00,164.64,164.68,164.88,163.93,4419.0,72613692.9336,2026-09-10,10:00,1
2026-09-10 10:15:00,164.71,164.68,165.1,164.42,3784.0,62333029.9805,2026-09-10,10:15,2
2026-09-10 10:30:00,164.78,165.13,165.37,164.69,3525.0,58208500.9688,2026-09-10,10:30,3
2026-09-10 10:45:00,165.13,165.41,165.66,164.84,3504.68,57950036.5722,2026-09-10,10:45,4
2026-09-10 11:00:00,165.39,165.61,165.84,165.28,2897.0,47959551.0238,2026-09-10,11:00,5
2026-09-10 11:15:00,165.61,166.5,166.61,165.55,5877.54,97638280.1433,2026-09-10,11:15,6
2026-09-10 11:30:00,166.5,166.65,166.92,166.38,5055.0,84278275.9219,2026-09-10,11:30,7
2026-09-10 13:15:00,166.65,166.22,166.8,166.05,3742.0,62263026.7695,2026-09-10,13:15,8
2026-09-10 13:30:00,166.22,166.12,166.52,166.12,1874.0,31171311.0078,2026-09-10,13:30,9
2026-09-10 13:45:00,166.12,166.03,166.15,165.76,2660.64,44150560.0679,2026-09-10,13:45,10
2026-09-10 14:00:00,166.03,165.75,166.03,165.31,3136.0,51940552.9414,2026-09-10,14:00,11
2026-09-10 14:15:00,165.76,165.47,165.77,165.46,2330.0,38584186.9609,2026-09-10,14:15,12
2026-09-10 14:30:00,165.47,165.69,165.9,165.45,2212.0,36646390.9844,2026-09-10,14:30,13
2026-09-10 14:45:00,165.7,165.87,166.0,165.67,3004.37,49827235.8662,2026-09-10,14:45,14
2026-09-10 15:00:00,165.9,165.7,165.91,165.44,4876.9,80790822.5928,2026-09-10,15:00,15
